1	40513	+	40513	9722f962-d28d-41dd-b158-8e5f0fb2196d	t	0.990688	0.009312	0	AACGT
1	40526	+	40526	9722f962-d28d-41dd-b158-8e5f0fb2196d	t	0.999995	5e-06	0	GTCTT
1	40534	+	40534	9722f962-d28d-41dd-b158-8e5f0fb2196d	t	0.99997	3e-05	0	TTCCT
1	40535	+	40535	9722f962-d28d-41dd-b158-8e5f0fb2196d	t	0.999846	0.000154	0	TCCTA
1	40543	+	40543	9722f962-d28d-41dd-b158-8e5f0fb2196d	t	0.999984	1.6e-05	0	AACAA
1	40546	+	40546	9722f962-d28d-41dd-b158-8e5f0fb2196d	t	0.999844	0.000156	0	AACAA
1	40557	+	40557	9722f962-d28d-41dd-b158-8e5f0fb2196d	t	1.0	0.0	0	TTCTT
1	40569	+	40569	9722f962-d28d-41dd-b158-8e5f0fb2196d	t	1.0	0.0	0	TTCAT
1	40582	+	40582	9722f962-d28d-41dd-b158-8e5f0fb2196d	t	0.998694	0.001306	0	TACAT
1	40594	+	40594	9722f962-d28d-41dd-b158-8e5f0fb2196d	t	0.999979	2.1e-05	0	AACAT
1	40598	+	40598	9722f962-d28d-41dd-b158-8e5f0fb2196d	t	0.982702	0.017299	0	TTCGT
1	40603	+	40603	9722f962-d28d-41dd-b158-8e5f0fb2196d	t	0.999871	0.000129	0	GGCTT
1	40606	+	40606	9722f962-d28d-41dd-b158-8e5f0fb2196d	t	0.666866	0.333134	0	TTCTA
1	40614	+	40614	9722f962-d28d-41dd-b158-8e5f0fb2196d	t	0.999899	0.000101	0	TTCTA
1	40617	+	40617	9722f962-d28d-41dd-b158-8e5f0fb2196d	t	0.999999	1e-06	0	TACTT
1	40621	+	40621	9722f962-d28d-41dd-b158-8e5f0fb2196d	t	0.999747	0.000253	0	TGCAT
1	40633	+	40633	9722f962-d28d-41dd-b158-8e5f0fb2196d	t	0.999979	2.1e-05	0	TACAG
1	40642	+	40642	9722f962-d28d-41dd-b158-8e5f0fb2196d	t	1.0	0.0	0	TTCAC
1	40644	+	40644	9722f962-d28d-41dd-b158-8e5f0fb2196d	t	0.994903	0.005097	0	CACTA
1	40648	+	40648	9722f962-d28d-41dd-b158-8e5f0fb2196d	t	0.999973	2.7e-05	0	ATCTC
